variable,lead_hours,gfs_mae,gefs_mae,equal_mae,wcast_mae,gfs_rmse,gefs_rmse,equal_rmse,wcast_rmse,gfs_bias,gefs_bias,equal_bias,wcast_bias,wcast_vs_gfs_mae,wcast_vs_gefs_mae,wcast_vs_equal_mae,wcast_vs_best_individual_mae,wcast_vs_gfs_rmse,wcast_vs_gefs_rmse,wcast_vs_equal_rmse,wcast_vs_best_individual_rmse
temperature,24,1.4337108067103717,1.3804650878906193,1.3461503601074147,1.3465050118764248,1.8370868400780915,1.7502099195707967,1.7168219511167973,1.7149931669844807,-0.6525957380022094,-0.4411082676478567,-0.5468520028250331,-0.5424359147484036,0.08720579483394686,0.033960076014194485,-0.00035465176901006146,0.033960076014194485,0.12209367309361085,0.03521675258631607,0.0018287841323165743,0.03521675258631607
temperature,48,1.6767022399902294,1.620751068115231,1.5977648925781216,1.598921330384028,2.135611964830706,2.0051160406888404,1.997909480935626,1.9987470931852533,-0.4351371154784928,-0.16704995727536784,-0.30109353637693037,-0.29897610650661,0.07778090960620143,0.021829737731203114,-0.0011564378059063518,0.021829737731203114,0.13686487164545258,0.006368947503587075,-0.0008376122496274174,0.006368947503587075
temperature,72,2.2060989990234328,1.9063990478515598,2.033255920410153,2.0255182163645253,2.6944534130528157,2.3200313237319223,2.4504349423167717,2.441059735324215,-0.5115593261718521,-0.06600085449216456,-0.2887800903320083,-0.27559125202345747,0.18058078265890742,-0.11911916851296556,0.00773770404562768,-0.11911916851296556,0.2533936777286008,-0.1210284115922926,0.009375206992556784,-0.1210284115922926
precipitation,24,1.949196428571429,1.9907142932659814,1.9523660751831322,1.95991524567691,4.589904731737748,4.155392382508157,4.245425392246326,4.256000432918087,1.8504464285714286,1.9428571502811143,1.8966517894262713,1.9044099575684412,-0.01071881710548106,0.03079904758907137,-0.00754917049377779,-0.01071881710548106,0.333904298819661,-0.1006080504099307,-0.010575040671761293,-0.1006080504099307
precipitation,48,2.2616875000000003,1.6914000036381185,1.9543562513347714,1.939499901631355,6.19095579000125,3.278872369688709,4.480802949752611,4.386977657621052,2.0970625,1.6276000022254882,1.8623312511127441,1.8534415830173203,0.3221875983686453,-0.2480998979932365,0.014856349703416427,-0.2480998979932365,1.8039781323801982,-1.1081052879323425,0.09382529213155966,-1.1081052879323425
precipitation,72,1.565625,1.591000001192093,1.5300625020712615,1.5505409471562546,4.640637920857433,2.8071159708412137,3.4291013934822585,3.4611025737363303,1.188125,1.4430000016093254,1.3155625008046627,1.3340561736293308,0.015084052843745477,0.04045905403583849,-0.02047844508499308,0.015084052843745477,1.1795353471211025,-0.6539866028951167,-0.03200118025407184,-0.6539866028951167
wind_speed,24,7.864256701187485,7.8837013537209435,7.8656624159857955,7.865469972544664,9.375498247481964,9.354698094909347,9.353996725339018,9.354063752374858,-7.8127472307248675,-7.838295088482984,-7.825521159603925,-7.825350064435566,-0.001213271357179302,0.018231381176279093,0.00019244344113111822,-0.001213271357179302,0.0214344951071066,0.0006343425344894627,-6.702703583982839e-05,0.0006343425344894627
wind_speed,48,8.607988193922647,8.802733857924379,8.695346327210608,8.693651390501877,10.257286703928203,10.394355372686292,10.314142320816728,10.312937901127233,-8.531782325798712,-8.737871108582096,-8.634826717190405,-8.632678368694966,-0.0856631965792296,0.1090824674225015,0.0016949367087306655,-0.0856631965792296,-0.05565119719902967,0.08141747155905854,0.0012044196894951398,-0.05565119719902967
wind_speed,72,9.03897373328384,9.430834107212236,9.233359921776804,9.229131520646938,10.768064796161509,11.154439480147222,10.947004819783032,10.942835759039054,-8.895738195825649,-9.342920208747733,-9.11932920228669,-9.114942837000514,-0.1901577873630984,0.2017025865652986,0.004228401129866555,-0.1901577873630984,-0.17477096287754534,0.21160372110816716,0.004169060743977937,-0.17477096287754534
